{"train_accuracy":0.903845049366236,"train_precision":0.8847889729202244,"val_loss":0.2202987673996392,"val_precision":0.9150238784936976,"epoch":1,"_step":2,"_timestamp":1.7592370410209436e+09,"_wandb":{"runtime":63},"_runtime":63,"best_f1_accuracy":0.919718598026409,"val_recall":0.9244617404647778,"val_accuracy":0.9171411167512691,"train_f1":0.9089074466418803,"train_recall":0.9343776589794265,"train_loss":0.24190652009373517,"val_f1":0.919718598026409}