{"_timestamp":1.7597892846244643e+09,"val_recall":0.9822030278581937,"val_macro_f1":0.8451952484213834,"best_f1_accuracy":0.8698722259583053,"train_macro_recall":0.9017650537858324,"train_loss":0.2613609920939031,"val_loss":0.41513834949466644,"train_recall":0.931706622552476,"val_macro_recall":0.845462910644279,"train_macro_f1":0.9022814676986715,"epoch":1,"train_accuracy":0.9025676011994785,"_step":2,"val_auprc":0.8900018548531424,"val_accuracy":0.8491289340101523,"_runtime":49,"_wandb":{"runtime":49},"train_f1":0.9075692409295414,"val_precision":0.7805981971108513,"train_precision":0.8846509142759662,"val_f1":0.8698722259583053,"train_auprc":0.9461421235657502}