{"train_precision":0.8808597351237594,"train_auprc":0.9460565532845989,"train_accuracy":0.9036100963655381,"_timestamp":1.759788574215227e+09,"train_f1":0.9091401254031636,"val_macro_f1":0.9225962667856429,"val_loss":0.24402824982907817,"epoch":1,"val_precision":0.9037981535500557,"train_macro_f1":0.9032517080319302,"train_macro_recall":0.9026272164633293,"val_macro_recall":0.9220451991413297,"best_f1_accuracy":0.9370931083631882,"val_recall":0.9508803568886147,"val_auprc":0.9352131282966413,"train_recall":0.9392966588924445,"_wandb":{"runtime":148},"val_accuracy":0.9228182741116752,"train_loss":0.25772694261787354,"_runtime":148,"val_f1":0.9267416492572407,"_step":2}