{"val_precision":0.6,"train_f1":0.8,"val_recall":1,"best_f1_accuracy":0.75,"_wandb":{"runtime":0},"train_loss":0.6824488043785095,"train_recall":0.6666666666666666,"train_accuracy":0.8,"train_precision":1,"train_macro_f1":0.8,"val_auprc":1,"val_macro_f1":0.375,"_timestamp":1.7598354703306808e+09,"val_accuracy":0.6,"val_f1":0.75,"train_auprc":0.9166666666666665,"val_loss":0.6846147775650024,"_step":2,"train_macro_recall":0.8333333333333333,"_runtime":0,"val_macro_recall":0.5,"epoch":1}