{"train_macro_recall":0.7134183946667149,"_timestamp":1.759788581685586e+09,"train_recall":0.7134183946667149,"train_loss":0.0773514135244642,"_wandb":{"runtime":156},"train_macro_f1":0.7270201936839091,"val_accuracy":0.9600730964467005,"val_recall":0.7219443038253716,"best_f1_accuracy":0.7209096365732918,"epoch":1,"_runtime":156,"train_accuracy":0.9759495146915241,"val_auprc":0.8076650312121125,"val_f1":0.7209096365732918,"train_auprc":0.7628115369353599,"val_loss":0.2901587275064041,"val_precision":0.7557073794360452,"val_macro_f1":0.7209096365732918,"train_precision":0.7502629807980251,"val_macro_recall":0.7219443038253716,"_step":2,"train_f1":0.7270201936839091}