{"train_macro_recall":0.5,"epoch":1,"_step":2,"best_f1_accuracy":0,"val_auprc":1,"train_macro_f1":0.2857142857142857,"train_loss":0.7214319705963135,"_wandb":{"runtime":1},"train_auprc":0.7555555555555555,"train_accuracy":0.4,"train_precision":0,"_timestamp":1.7598354492178292e+09,"val_precision":0,"_runtime":1,"val_loss":0.7181675434112549,"train_recall":0,"train_f1":0,"val_f1":0,"val_recall":0,"val_accuracy":0.4,"val_macro_recall":0.5,"val_macro_f1":0.2857142857142857}