{"train_f1":0,"val_macro_recall":0.5,"_step":2,"val_macro_f1":0.2857142857142857,"train_recall":0,"train_macro_recall":0.5,"train_auprc":0.9166666666666665,"val_f1":0,"_wandb":{"runtime":0},"train_macro_f1":0.2857142857142857,"epoch":1,"_runtime":0,"best_f1_accuracy":0,"val_recall":0,"_timestamp":1.759835501933759e+09,"train_accuracy":0.4,"train_loss":0.7128083109855652,"val_precision":0,"val_accuracy":0.4,"train_precision":0,"val_auprc":0.9166666666666665,"val_loss":0.7117002010345459}