{"_step":2,"epoch":1,"train_f1":0.5,"val_recall":0,"val_macro_f1":0.2857142857142857,"train_macro_f1":0.5833333333333333,"val_accuracy":0.4,"_runtime":0,"val_precision":0,"train_auprc":0.9166666666666665,"val_auprc":0.5333333333333333,"_timestamp":1.7598354804444468e+09,"train_accuracy":0.6,"_wandb":{"runtime":0},"val_macro_recall":0.5,"train_macro_recall":0.6666666666666666,"val_loss":0.699799656867981,"train_recall":0.3333333333333333,"val_f1":0,"train_precision":1,"best_f1_accuracy":0,"train_loss":0.68263179063797}