{"train_loss":0.684036910533905,"val_accuracy":0.6,"val_recall":1,"_wandb":{"runtime":0},"train_macro_recall":0.5,"val_f1":0.75,"val_auprc":0.8055555555555556,"train_f1":0.75,"train_precision":0.6,"val_precision":0.6,"epoch":1,"val_macro_f1":0.375,"train_accuracy":0.6,"train_macro_f1":0.375,"train_recall":1,"train_auprc":0.7555555555555555,"_timestamp":1.7598354279554543e+09,"val_loss":0.6793328523635864,"_runtime":0,"_step":2,"best_f1_accuracy":0.75,"val_macro_recall":0.5}