{"_timestamp":1.759789695696643e+09,"val_macro_f1":0.36732877201943626,"_runtime":209,"val_macro_recall":0.373931606103558,"train_f1":0.30046858582157354,"train_precision":0.3966225182210988,"train_macro_recall":0.30205585973763305,"train_accuracy":0.8529768545188423,"val_accuracy":0.9001989847715736,"val_f1":0.36732877201943626,"val_recall":0.373931606103558,"train_macro_f1":0.30046858582157354,"train_auprc":0.339318774275365,"epoch":1,"val_precision":0.36754570371837864,"_step":2,"val_loss":0.38577495235949755,"best_f1_accuracy":0.36732877201943626,"train_recall":0.30205585973763305,"train_loss":0.467293727923061,"val_auprc":0.5144608795403053,"_wandb":{"runtime":209}}