{"val_macro_f1":0.4,"train_auprc":0.8055555555555556,"val_precision":0.5,"train_recall":0.3333333333333333,"best_f1_accuracy":0.4,"val_macro_recall":0.41666666666666663,"_step":2,"val_recall":0.3333333333333333,"_runtime":1,"train_f1":0.5,"_timestamp":1.7598354121866047e+09,"epoch":1,"val_accuracy":0.4,"train_precision":1,"_wandb":{"runtime":1},"train_loss":0.6805493831634521,"val_f1":0.4,"train_macro_f1":0.5833333333333333,"train_macro_recall":0.6666666666666666,"val_loss":0.6940526366233826,"val_auprc":0.5333333333333333,"train_accuracy":0.6}