{"_runtime":0,"val_recall":1,"val_loss":0.685818612575531,"best_f1_accuracy":0.75,"_step":2,"val_auprc":1,"train_macro_recall":0.5833333333333333,"train_recall":0.6666666666666666,"train_loss":0.6943129897117615,"train_macro_f1":0.5833333333333333,"epoch":1,"_wandb":{"runtime":0},"val_macro_f1":0.375,"val_accuracy":0.6,"train_f1":0.6666666666666666,"val_precision":0.6,"train_auprc":0.7555555555555555,"train_precision":0.6666666666666666,"val_f1":0.75,"val_macro_recall":0.5,"train_accuracy":0.6,"_timestamp":1.7598354634892435e+09}