{"train_f1":0.5714285714285714,"train_auprc":0.5888888888888889,"val_recall":1,"val_f1":0.75,"val_auprc":0.7,"train_loss":0.6958906054496765,"train_precision":0.5,"train_recall":0.6666666666666666,"train_macro_recall":0.3333333333333333,"_step":2,"_wandb":{"runtime":0},"best_f1_accuracy":0.75,"train_macro_f1":0.2857142857142857,"val_accuracy":0.6,"epoch":1,"val_loss":0.6844529509544373,"train_accuracy":0.4,"_timestamp":1.7598354863115587e+09,"val_macro_recall":0.5,"val_precision":0.6,"val_macro_f1":0.375,"_runtime":0}