{"train_f1":0.6666666666666666,"val_loss":0.6935645937919617,"val_auprc":0.5888888888888889,"val_macro_recall":0.5833333333333333,"train_macro_f1":0.5833333333333333,"val_f1":0.6666666666666666,"best_f1_accuracy":0.6666666666666666,"_step":2,"train_macro_recall":0.5833333333333333,"val_precision":0.6666666666666666,"train_loss":0.6855511665344238,"val_accuracy":0.6,"train_precision":0.6666666666666666,"val_recall":0.6666666666666666,"val_macro_f1":0.5833333333333333,"_wandb":{"runtime":1},"train_accuracy":0.6,"train_recall":0.6666666666666666,"train_auprc":0.9166666666666665,"_timestamp":1.7598354915575514e+09,"epoch":1,"_runtime":1}