{"train_precision":0.8457664973670493,"val_loss":0.053475068823052974,"train_loss":0.06734370261537172,"train_auprc":0.8346314879476776,"val_auprc":0.8767237337541601,"val_accuracy":0.9844548223350253,"_runtime":81,"val_recall":0.7911570023134262,"val_macro_f1":0.8119101661596871,"_wandb":{"runtime":81},"train_f1":0.7916719361532841,"_timestamp":1.7597890217231276e+09,"best_f1_accuracy":0.8119101661596871,"val_precision":0.8802373020549192,"train_recall":0.7667522110432687,"_step":2,"val_macro_recall":0.7911570023134262,"train_macro_recall":0.7667522110432687,"train_macro_f1":0.7916719361532841,"epoch":1,"train_accuracy":0.9770024522131703,"val_f1":0.8119101661596871}