{"val_recall":0,"val_auprc":0.5888888888888889,"train_recall":0,"train_accuracy":0.4,"epoch":1,"val_accuracy":0.4,"best_f1_accuracy":0,"train_macro_recall":0.5,"train_loss":0.7232634425163269,"val_macro_f1":0.2857142857142857,"train_f1":0,"val_loss":0.7112196087837219,"_runtime":1,"val_macro_recall":0.5,"val_precision":0,"train_auprc":0.5888888888888889,"val_f1":0,"train_macro_f1":0.2857142857142857,"_timestamp":1.7598354220866485e+09,"_wandb":{"runtime":1},"_step":2,"train_precision":0}