{"train_recall":0.3333333333333333,"train_f1":0.5,"train_precision":1,"val_precision":0,"_timestamp":1.7598354068473072e+09,"train_macro_recall":0.6666666666666666,"val_macro_recall":0.5,"val_macro_f1":0.2857142857142857,"train_macro_f1":0.5833333333333333,"val_auprc":0.8055555555555556,"val_f1":0,"train_auprc":0.7,"train_accuracy":0.6,"val_loss":0.6940498948097229,"_wandb":{"runtime":1},"_step":2,"_runtime":1,"train_loss":0.7021881937980652,"val_accuracy":0.4,"best_f1_accuracy":0,"epoch":1,"val_recall":0}