{"val_recall":1,"train_auprc":0.5333333333333333,"val_accuracy":0.6,"_wandb":{"runtime":0},"_runtime":0,"train_f1":0.75,"_step":2,"train_recall":1,"val_macro_f1":0.375,"train_accuracy":0.6,"_timestamp":1.759835438015827e+09,"epoch":1,"val_loss":0.6821076273918152,"val_precision":0.6,"train_macro_recall":0.5,"val_f1":0.75,"train_loss":0.7040733695030212,"val_auprc":0.5888888888888889,"train_precision":0.6,"val_macro_recall":0.5,"train_macro_f1":0.375,"best_f1_accuracy":0.75}