{"val_macro_f1":0.2857142857142857,"val_f1":0,"train_macro_recall":0.3333333333333333,"_step":2,"_runtime":1,"train_accuracy":0.4,"val_accuracy":0.4,"train_loss":0.7169039845466614,"val_precision":0,"best_f1_accuracy":0,"val_auprc":0.8055555555555556,"val_macro_recall":0.5,"train_macro_f1":0.2857142857142857,"epoch":1,"val_loss":0.6930505037307739,"_wandb":{"runtime":1},"train_auprc":0.5333333333333333,"train_f1":0.5714285714285714,"train_precision":0.5,"_timestamp":1.7598354014320729e+09,"train_recall":0.6666666666666666,"val_recall":0}