{"_timestamp":1.759835475193303e+09,"val_precision":0.6,"best_f1_accuracy":0.75,"_runtime":0,"train_recall":1,"val_recall":1,"train_loss":0.6940645575523376,"train_macro_f1":0.375,"val_f1":0.75,"_step":2,"val_loss":0.6762853860855103,"train_f1":0.75,"val_auprc":0.9166666666666665,"train_accuracy":0.6,"val_macro_recall":0.5,"_wandb":{"runtime":0},"epoch":1,"val_accuracy":0.6,"train_macro_recall":0.5,"train_auprc":0.5333333333333333,"val_macro_f1":0.375,"train_precision":0.6}