{"train_macro_f1":0.9795680685403563,"train_precision":0.9680478769633422,"_runtime":74,"val_recall":0.996314049325297,"_timestamp":1.7597890285138018e+09,"epoch":1,"best_f1_accuracy":0.9792123388839653,"train_recall":0.9930438791560449,"val_loss":0.07059100867886088,"val_macro_f1":0.9782386684217133,"train_loss":0.06274978628481256,"_wandb":{"runtime":74},"_step":2,"train_f1":0.9803865790050552,"val_auprc":0.9963172902483045,"val_macro_recall":0.9777854797300807,"train_accuracy":0.9796008583616292,"val_f1":0.9792123388839653,"train_macro_recall":0.9792306104579864,"train_auprc":0.9963593570330338,"val_accuracy":0.9782822335025381,"val_precision":0.9626878219531955}