{"_runtime":1,"train_recall":0.6666666666666666,"train_precision":0.6666666666666666,"train_auprc":0.8055555555555556,"_timestamp":1.7598353960619607e+09,"val_accuracy":0.6,"val_precision":0.6,"train_accuracy":0.6,"train_macro_recall":0.5833333333333333,"val_macro_recall":0.5,"val_auprc":1,"train_loss":0.6912874579429626,"val_macro_f1":0.375,"epoch":1,"train_f1":0.6666666666666666,"val_recall":1,"val_f1":0.75,"train_macro_f1":0.5833333333333333,"val_loss":0.6909546852111816,"best_f1_accuracy":0.75,"_wandb":{"runtime":1},"_step":2}