{"val_recall":0.9472576843370826,"val_loss":0.22757429343003494,"train_f1":0.9295586808923375,"_runtime":56,"val_macro_f1":0.9258406308761833,"val_macro_recall":0.9254164640139144,"train_macro_recall":0.9241689312521245,"train_precision":0.8995402080162355,"_step":2,"val_precision":0.9120110880955282,"val_f1":0.9293002972010336,"val_auprc":0.9373422059662165,"_wandb":{"runtime":56},"best_f1_accuracy":0.9293002972010336,"train_recall":0.9616498074524055,"_timestamp":1.7597871849787426e+09,"train_macro_f1":0.9248824558069426,"train_loss":0.22890326276497894,"epoch":1,"val_accuracy":0.9260020304568528,"train_accuracy":0.9251735606518119,"train_auprc":0.9352761636804392}